session_id,shower_start_utc,shower_end_utc,notes
20260430-035330,2026-04-30T05:10:00Z,2026-04-30T05:58:00Z,shower 1 of 2 (22:10-22:58 PDT)
20260430-035330,2026-04-30T06:20:00Z,2026-04-30T07:08:00Z,shower 2 of 2 (23:20-00:08 PDT)
20260502-025019,2026-05-02T05:30:00Z,2026-05-02T06:50:00Z,mid-shower bump is same event (22:30-23:50 PDT)
20260503-032551,2026-05-03T04:13:00Z,2026-05-03T04:35:00Z,shower (21:13-21:35 PDT May 2)
20260504-003042,2026-05-04T04:15:00Z,2026-05-04T04:28:00Z,shower (21:15-21:28 PDT May 3)
20260506-031454,2026-05-06T04:20:00Z,2026-05-06T04:35:00Z,shower (21:20-21:35 PDT May 5)
20260508-002650,2026-05-08T04:00:00Z,2026-05-08T04:22:00Z,shower (21:00-21:22 PDT May 7)
20260509-032840,2026-05-09T03:40:00Z,2026-05-09T03:45:00Z,shower start - WiFi dropped (20:40 PDT May 8)
20260509-034505,2026-05-09T03:45:05Z,2026-05-09T03:56:00Z,shower end - resumed after WiFi drop (-20:56 PDT May 8)
